4676,125,75.37
4760,125,75.37
4760,125,75.77
4760,125,75.77
4760,125,77.94
4760,125,81.65
4760,125,81.65
4760,125,86.60
4760,125,90.69
4760,125,90.69
4760,125,94.00
4760,125,97.03
4760,125,97.03
4760,125,99.60
4760,125,101.75
4844,125,103.65
4848,125,105.46
4844,125,105.46
4844,125,107.16
4844,125,108.72
4848,125,110.16
4844,125,111.38
4844,125,111.38
4844,125,112.51
4848,125,113.46
4844,125,114.26
4844,125,114.94
4844,125,115.61
4848,125,115.61
4844,125,116.25
4844,125,116.93
4844,125,117.48
4844,125,117.84
4848,125,118.29
4844,125,118.74
4844,125,118.74
4848,125,119.19
4844,125,119.45
4844,125,119.82
4844,125,120.13
4848,125,120.48
4844,125,120.71
4844,125,120.98
4844,125,120.98
4852,125,121.21
4840,125,121.30
4844,125,121.54
4844,125,121.65
4848,125,121.80
4844,125,121.83
4844,125,121.92
4844,125,121.98
4848,125,121.98
4844,125,122.04
4844,125,122.10
4844,125,122.19
4848,125,122.22
4844,125,122.28
4844,125,122.31
4844,125,122.37
4848,125,122.43
4844,125,122.43
4844,125,122.43
4844,125,122.49
4848,125,122.52
4844,125,122.61
4844,125,122.67
4844,125,122.70
4848,125,122.73
4844,125,122.73
4844,125,122.73
4844,125,122.76
4848,125,122.79
4844,125,122.79
4844,125,122.82
4844,125,122.79
4848,125,122.76
4844,125,122.76
4844,125,122.76
4844,125,122.76
4848,125,122.82
4844,125,122.76
4844,125,122.76
4844,125,122.79
4848,125,122.79
4844,125,122.82
4844,125,122.79
4844,125,122.85
4848,125,122.85
4844,125,122.85
4844,125,122.88
4844,125,122.88
4848,125,122.88
4844,125,122.94
4844,125,122.91
4844,125,122.94
4848,125,122.88
4844,125,122.91
4844,125,122.91
4844,125,122.94
4844,125,122.94
4848,125,122.97
4844,125,123.03
4844,125,123.12
4848,125,123.21
4844,125,123.30
4844,125,123.37
4844,125,123.37
4848,125,123.43
4844,125,123.49
4844,125,123.55
4852,125,123.55
4840,125,123.61
4844,125,123.58
4844,125,123.61
4844,125,123.61
4848,125,123.61
4844,125,123.61
4844,125,123.61
4844,125,123.64
4848,125,123.70
4844,125,123.89
4844,125,123.98
4844,125,124.01
4848,125,124.04
4844,125,123.98
4844,125,124.01
4844,125,124.01
4848,125,123.98
4844,125,123.95
4844,125,123.85
4844,125,123.82
4848,125,123.85
4844,125,123.95
4844,125,123.95
4844,125,123.95
4848,125,123.92
4844,125,123.92
4844,125,123.95
4844,125,123.89
4848,125,123.92
4844,125,123.76
4844,125,123.70
4844,125,123.64
4848,125,123.64
4844,125,123.67
4844,125,123.64
4844,125,123.64
4848,125,123.70
4844,125,123.79
4844,125,123.89
4844,125,123.85
4848,125,123.89
4844,125,123.85
4844,125,123.89
4844,125,123.85
4848,125,123.85
4844,125,123.85
4844,125,123.89
4844,125,123.92
4848,125,123.92
4844,125,123.95
4844,125,124.04
4844,125,124.01
4848,125,124.07
4844,125,124.01
4844,125,124.01
4844,125,124.01
4848,125,123.98
4844,125,123.89
4844,125,123.89
4844,125,123.89
4848,125,123.95
4844,125,124.07
4844,125,124.07
4844,125,124.07
4872,125,124.04
4820,125,124.04
4844,125,124.04
4844,125,123.98
4848,125,123.98
4844,125,123.89
4844,125,123.85
4844,125,123.79
4848,125,123.82
4844,125,123.92
4852,125,123.95
4836,125,123.95
4848,125,123.95
4844,125,123.98
4844,125,123.98
4844,125,123.98
4848,125,123.95
4844,125,123.98
4844,125,123.98
4844,125,124.01
4848,125,124.01
4844,125,124.13
4844,125,124.13
4844,125,124.22
4848,125,124.19
4844,125,124.22
4844,125,124.13
4844,125,124.10
4848,125,124.07
4844,125,124.01
4844,125,124.01
4844,125,123.95
4848,125,123.95
4844,125,123.98
4844,125,124.04
4844,125,124.07
4848,125,124.01
4844,125,124.01
4844,125,123.89
4844,125,123.82
4848,125,123.85
4844,125,123.82
4844,125,123.82
4852,125,123.85
4840,125,123.73
4844,125,123.76
4844,125,123.82
4844,125,123.92
4848,125,123.92
4844,125,123.98
4844,125,123.89
4844,125,123.89
4848,125,123.89
4844,125,123.89
4844,125,123.89
4844,125,123.89
4848,125,123.92
4844,125,123.92
4844,125,124.10
4844,125,124.07
4848,125,124.10
4844,125,124.04
4844,125,124.04
4844,125,124.01
4844,125,124.04
4848,125,124.01
4844,125,123.98
4844,125,123.89
4848,125,123.85
4844,125,123.89
4844,125,123.98
4844,125,124.07
4848,125,124.07
4844,125,124.01
4844,125,124.04
4844,125,123.92
4848,125,123.89
4844,125,123.82
4844,125,123.76
4844,125,123.73
4848,125,123.67
4844,125,123.76
4844,125,123.76
4844,125,123.85
4848,125,123.95
4844,125,123.85
4844,125,123.92
4844,125,123.85
4848,125,123.92
4844,125,123.89
4844,125,123.89
4844,125,123.89
4848,125,123.89
4844,125,123.95
4844,125,124.01
4844,125,124.10
4848,125,124.16
4844,125,124.16
4844,125,124.22
4844,125,124.13
4848,125,124.07
4844,125,124.01
4844,125,124.01
4844,125,123.95
4848,125,123.95
4844,125,123.92
4844,125,123.95
4844,125,124.07
4844,125,124.07
4848,125,124.01
4852,125,123.98
4836,125,123.92
4844,125,123.92
4848,125,123.89
4844,125,123.85
4844,125,123.76
4848,125,123.70
4844,125,123.64
4844,125,123.67
4844,125,123.70
4848,125,123.70
4844,125,123.70
4844,125,123.70
4844,125,123.79
4848,125,123.79
4844,125,123.79
4844,125,123.79
4844,125,123.76
4848,125,123.73
4844,125,123.79
4844,125,123.76
4844,125,123.82
4848,125,123.82
4844,125,123.79
4844,125,123.85
4844,125,123.95
4848,125,123.92
4844,125,123.89
4844,125,123.82
4844,125,123.79
4848,125,123.76
4844,125,123.79
4844,125,123.79
4844,125,123.76
4848,125,123.76
4844,125,123.73
4844,125,123.76
4844,125,123.89
4848,125,123.95
4844,125,123.95
4844,125,123.92
4852,125,123.82
4836,125,123.82
4848,125,123.76
4844,125,123.73
4844,125,123.67
4848,125,123.61
4844,125,123.58
4844,125,123.52
4844,125,123.55
4848,125,123.52
4844,125,123.61
4844,125,123.61
4844,125,123.70
4848,125,123.76
4844,125,123.76
4844,125,123.82
4844,125,123.82
4848,125,123.82
4844,125,123.79
4844,125,123.73
4844,125,123.82
4848,125,123.82
4844,125,123.85
4844,125,124.01
4844,125,124.07
4848,125,124.16
4844,125,124.16
4844,125,124.19
4844,125,124.16
4848,125,124.16
4844,125,124.16
4844,125,124.16
4844,125,124.10
4848,125,124.07
4844,125,124.04
4844,125,124.10
4844,125,124.22
4848,125,124.25
4844,125,124.22
4844,125,124.19
4872,125,124.10
4820,125,124.04
4844,125,124.04
4844,125,124.01
4844,125,124.01
4848,125,123.98
4844,125,123.95
4844,125,123.98
4844,125,124.07
4848,125,124.07
4844,125,124.04
4844,125,124.07
4844,125,124.07
4848,125,124.04
4844,125,124.01
4844,125,124.07
4844,125,124.16
4848,125,124.32
4844,125,124.32
4844,125,124.32
4844,125,124.35
4848,125,124.32
4844,125,124.32
4844,125,124.29
4844,125,124.25
4848,125,124.19
4844,125,124.13
4852,125,124.10
4836,125,124.10
4848,125,124.19
4844,125,124.16
4844,125,124.13
4844,125,124.13
4848,125,124.04
4844,125,123.98
4844,125,123.92
4844,125,123.92
4848,125,123.85
4844,125,123.85
4844,125,123.76
4844,125,123.82
4844,125,123.92
4848,125,123.92
4844,125,123.98
4844,125,123.95
4844,125,123.95
4848,125,123.95
4844,125,123.92
4844,125,123.95
4848,125,123.98
4844,125,124.10
4844,125,124.07
4844,125,124.10
4848,125,124.10
4844,125,124.13
4844,125,124.16
4844,125,124.13
4848,125,124.16
4844,125,124.07
4844,125,124.07
4844,125,124.01
4844,125,124.04
4848,125,124.10
4844,125,124.10
4844,125,124.13
4848,125,124.13
4844,125,124.13
4844,125,124.04
4844,125,123.95
4848,125,123.95
4844,125,123.85
4872,125,123.82
4816,125,123.73
4844,125,123.73
4848,125,123.70
4844,125,123.76
4844,125,123.76
4848,125,123.79
4844,125,123.85
4844,125,123.85
4844,125,123.89
4872,125,123.92
4820,125,123.89
4844,125,123.89
4844,125,123.89
4848,125,123.82
4844,125,123.92
4844,125,124.01
4844,125,124.10
4848,125,124.01
4844,125,124.10
4844,125,124.07
4844,125,124.10
4848,125,124.10
4848,125,124.04
4840,125,123.98
4844,125,123.98
4848,125,123.95
4844,125,123.89
4844,125,123.95
4844,125,123.92
4844,125,123.98
4848,125,123.95
4844,125,123.95
4844,125,123.95
4848,125,123.89
4844,125,123.85
4844,125,123.73
4844,125,123.64
4848,125,123.64
4844,125,123.61
4844,125,123.61
4844,125,123.52
4844,125,123.52
4848,125,123.58
4844,125,123.67
4844,125,123.73
4848,125,123.76
4844,125,123.82
4844,125,123.82
4844,125,123.76
4856,125,123.79
4836,125,123.79
4844,125,123.79
4844,125,123.82
4848,125,123.85
4844,125,123.92
4844,125,124.04
4844,125,124.07
4848,125,124.10
4844,125,124.19
4844,125,124.19
4844,125,124.16
4848,75,124.16
4760,75,124.13
4756,75,123.82
4764,75,122.88
4760,75,121.09
4756,75,118.93
4764,75,116.82
4760,75,116.82
4760,75,114.68
4760,75,112.61
4760,75,110.64
4760,75,110.64
4760,75,108.74
4760,75,106.88
4760,75,105.13
4760,75,105.13
4760,75,103.43
4760,75,101.83
4760,75,100.42
4760,75,100.42
4760,75,99.01
4672,75,97.60
4676,75,97.60
4676,75,96.26
4676,75,94.91
4672,75,94.91
4676,75,93.76
4676,75,92.59
4672,75,92.59
4676,75,91.58
4676,75,91.58
4676,75,90.43
4676,75,89.40
4672,75,89.40
4676,75,88.40
4676,75,88.40
4676,75,87.50
4672,75,86.67
4676,75,86.67
4676,75,85.79
4676,75,85.79
4672,75,85.06
4676,75,84.52
4676,75,84.52
4676,75,84.06
4672,75,84.06
4676,75,83.57
4676,75,83.00
4676,75,83.00
4672,75,82.35
4676,75,82.35
4676,75,81.71
4676,75,81.71
4672,75,81.17
4676,75,80.67
4676,75,80.67
4676,75,80.28
4672,75,80.28
4676,75,80.00
4676,75,80.00
4672,75,79.82
4676,75,79.82
4676,75,79.69
4676,75,79.55
4676,75,79.55
4672,75,79.29
4676,75,79.29
4676,75,78.88
4676,75,78.88
4672,75,78.43
4676,75,78.43
4676,75,78.09
4676,75,78.09
4672,75,77.94
4676,75,77.87
4676,75,77.87
4676,75,77.69
4672,75,77.69
4676,75,77.41
4676,75,77.41
4676,75,77.21
4680,75,77.21
4668,75,77.15
4676,75,77.15
4672,75,77.07
4676,75,76.85
4676,75,76.85
4676,75,76.64
4676,75,76.64
4672,75,76.56
4676,75,76.56
4676,75,76.52
4676,75,76.52
4672,75,76.43
4676,75,76.43
4676,75,76.36
4676,75,76.36
4672,75,76.36
4676,75,76.36
4676,75,76.25
4676,75,76.16
4672,75,76.16
4676,75,76.06
4676,75,76.06
4680,75,76.01
4668,75,76.01
4676,75,75.93
4676,75,75.93
4676,75,75.91
4672,75,75.91
4676,75,75.93
4676,75,75.93
4676,75,75.86
4672,75,75.86
4676,75,75.82
4676,75,75.76
4676,75,75.76
4672,75,75.69
4676,75,75.69
4676,75,75.62
4676,75,75.62
4672,75,75.61
4676,75,75.61
4676,75,75.55
4676,75,75.55
4672,75,75.49
4676,75,75.49
4680,75,75.43
4672,75,75.43
4672,75,75.36
4676,75,75.36
4676,75,75.31
4672,75,75.24
4676,75,75.24
4676,75,75.23
4676,75,75.23
4676,75,75.20
4672,75,75.20
4676,75,75.19
4676,75,75.19
4676,75,75.18
4672,75,75.18
4676,75,75.18
4676,75,75.18
4672,75,75.15
4676,75,75.15
4676,75,75.19
4676,75,75.19
4676,75,75.20
4672,75,75.20
4676,75,75.21
4676,75,75.22
4676,75,75.22
4672,75,75.24
4676,75,75.24
4676,75,75.22
4676,75,75.22
4672,75,75.24
4676,75,75.24
4676,75,75.26
4676,75,75.26
4672,75,75.30
4676,75,75.30
4676,75,75.32
4676,75,75.32
4672,75,75.35
4676,75,75.35
4676,75,75.36
4676,75,75.37
4672,75,75.37
4676,75,75.35
4676,75,75.35
4676,75,75.31
4672,75,75.31
4676,75,75.31
4676,75,75.31
4676,75,75.37
4672,75,75.37
4676,75,75.39
4676,75,75.39
4676,75,75.41
4672,75,75.41
4676,75,75.43
4676,75,75.43
4676,75,75.44
4672,75,75.46
4676,75,75.46
4676,75,75.43
4676,75,75.43
4672,75,75.44
4676,75,75.44
4676,75,75.44
4676,75,75.44
4672,75,75.46
4676,75,75.46
4676,75,75.48
4676,75,75.48
4672,75,75.47
4676,75,75.47
4676,75,75.45
4676,75,75.45
4672,75,75.40
4676,75,75.40
4676,75,75.39
4696,75,75.39
4652,75,75.39
4676,75,75.40
4676,75,75.40
4676,75,75.40
4672,75,75.40
4676,75,75.38
4676,75,75.38
4676,75,75.37
4672,75,75.37
4676,75,75.37
4676,75,75.37
4672,75,75.38
4676,75,75.38
4676,75,75.36
4676,75,75.36
4676,75,75.37
4672,75,75.36
4676,75,75.36
4676,75,75.37
4676,75,75.37
4672,75,75.34
4676,75,75.34
4676,75,75.31
4676,75,75.31
4672,75,75.27
4676,75,75.27
4676,75,75.24
4676,75,75.24
4672,75,75.24
4676,75,75.24
4676,75,75.22
4676,75,75.22
4672,75,75.19
4676,75,75.17
4676,75,75.17
4676,75,75.12
4672,75,75.12
4676,75,75.12
4676,75,75.12
4676,75,75.06
4672,75,75.06
4676,75,75.08
4676,75,75.08
4676,75,75.06
4672,75,75.06
4676,75,75.10
4676,75,75.10
4676,75,75.14
4672,75,75.14
4676,75,75.18
4676,75,75.18
4676,75,75.20
4672,75,75.23
4676,75,75.23
4676,75,75.29
4676,75,75.29
4672,75,75.36
4676,75,75.36
4676,75,75.44
4676,75,75.44
4672,75,75.51
4676,75,75.51
4676,75,75.54
4672,75,75.54
4676,75,75.56
4676,75,75.56
4676,75,75.56
4676,75,75.56
4672,75,75.59
4676,75,75.57
4676,75,75.57
4676,75,75.59
4672,75,75.59
4676,75,75.57
4676,75,75.57
4676,75,75.56
4672,75,75.56
4676,75,75.52
4676,75,75.52
4676,75,75.48
4672,75,75.48
4676,75,75.45
4676,75,75.45
4676,75,75.43
4672,75,75.43
4676,75,75.40
4676,75,75.39
4676,75,75.39
4672,75,75.38
4676,75,75.38
4680,75,75.38
4672,75,75.38
4672,75,75.37
4676,75,75.37
4676,75,75.35
4672,75,75.35
4676,75,75.31
4676,75,75.31
4676,75,75.29
4676,75,75.29
4672,75,75.30
4676,75,75.30
4676,75,75.31
4676,75,75.35
4672,75,75.35
4676,75,75.34
4676,75,75.34
4676,75,75.32
4672,75,75.32
4676,75,75.32
4676,75,75.32
4672,75,75.37
4676,75,75.37
4684,75,75.43
4668,75,75.43
4676,75,75.48
4672,75,75.48
4676,75,75.52
4676,75,75.52
4676,75,75.55
4672,75,75.52
4676,75,75.52
4676,75,75.54
4676,75,75.54
4672,75,75.52
4676,75,75.52
4676,75,75.53
4672,75,75.53
4676,75,75.48
4676,75,75.48
4676,75,75.47
4676,75,75.47
4672,75,75.46
4676,75,75.46
4676,75,75.41
4676,75,75.41
4680,75,75.37
4668,75,75.37
4676,75,75.34
4676,75,75.34
4672,75,75.34
4676,75,75.35
4676,75,75.35
4676,75,75.34
4672,75,75.34
4676,75,75.37
4676,75,75.37
4676,75,75.38
4672,75,75.38
4676,75,75.41
4676,75,75.41
4676,75,75.40
4672,75,75.40
4676,75,75.38
4676,75,75.38
4676,75,75.38
4672,75,75.38
4676,75,75.38
4676,75,75.41
4676,75,75.41
4672,75,75.40
4676,75,75.40
4676,75,75.39
4676,75,75.39
4672,75,75.38
4676,75,75.38
4676,75,75.37
4676,75,75.37
4672,75,75.38
4676,75,75.38
4676,75,75.39
4676,75,75.39
4672,75,75.44
4676,75,75.45
4676,75,75.45
4676,75,75.46
4672,75,75.46
4676,75,75.46
4676,75,75.46
4676,75,75.47
4672,75,75.47
4676,75,75.46
4676,75,75.46
4672,75,75.44
4676,75,75.44
4676,75,75.45
4676,75,75.45
4676,75,75.45
4672,75,75.45
4676,75,75.46
4676,75,75.43
4676,75,75.43
4672,75,75.41
4676,75,75.41
4676,75,75.39
4676,75,75.39
4672,75,75.39
4676,75,75.39
4676,75,75.41
4676,75,75.41
4672,75,75.39
4676,75,75.39
4676,75,75.43
4676,75,75.43
4672,75,75.41
4676,75,75.41
4676,75,75.45
4676,75,75.44
4672,75,75.44
4676,75,75.41
4676,75,75.41
4676,75,75.38
4672,75,75.38
4676,75,75.38
4676,75,75.38
4676,75,75.38
4672,75,75.38
4676,75,75.41
4676,75,75.41
4676,75,75.38
4672,75,75.38
4676,75,75.38
4676,75,75.38
4676,75,75.36
4672,75,75.36
4676,75,75.37
4676,75,75.38
4676,75,75.38
4672,75,75.41
4676,75,75.41
4676,75,75.44
4676,75,75.44
4672,75,75.46
4676,75,75.46
4676,75,75.46
4676,75,75.46
4672,75,75.45
4676,75,75.45
4676,75,75.45
4676,75,75.45
4672,75,75.43
4676,75,75.43
4676,75,75.45
4676,75,75.45
4672,75,75.45
4676,75,75.46
4676,75,75.46
4676,75,75.43
4672,75,75.43
4676,75,75.38
4676,75,75.38
4676,75,75.37
4672,75,75.37
4676,75,75.37
4676,75,75.37
4676,75,75.39
4672,75,75.39
4676,75,75.40
4676,75,75.40
4676,75,75.40
4672,75,75.39
4676,75,75.39
4676,75,75.37
4676,75,75.37
4672,75,75.37
4676,75,75.37
4676,75,75.38
4676,75,75.38
4672,75,75.39
4676,75,75.39
4676,75,75.40
4676,75,75.40
4672,75,75.40
4676,75,75.40
4676,75,75.43
4676,75,75.43
4672,75,75.43
4676,75,75.41
4676,75,75.41
4676,75,75.40
4672,75,75.40
4684,75,75.40
4668,75,75.40
4676,75,75.41
4672,75,75.41
4676,75,75.43
4676,75,75.43
4676,75,75.43
4672,75,75.43
4676,75,75.45
4676,75,75.45
4676,75,75.43
4672,75,75.43
4676,75,75.41
4676,75,75.43
4676,125,75.43
4760,125,75.61
4760,125,75.61
4760,125,77.46
4760,125,77.46
4760,125,80.88
4760,125,85.94
4760,125,85.94
4760,125,90.27
4756,125,93.77
4764,125,93.77
4760,125,96.71
4760,125,99.29
4760,125,101.42
4844,125,101.42
4844,125,103.52
4844,125,105.55
4848,125,107.34
4848,125,108.91
4840,125,108.91
4844,125,110.28
4844,125,111.56
4848,125,112.74
4844,125,113.82
4844,125,114.65
4844,125,114.65
4848,125,115.39
4844,125,115.96
4844,125,116.52
4848,125,117.12
4844,125,117.70
4844,125,118.15
4844,125,118.15
4848,125,118.54
4844,125,118.99
4844,125,119.45
4844,125,119.79
4848,125,120.05
4844,125,120.31
4844,125,120.31
4844,125,120.66
4848,125,120.98
4844,125,121.24
4844,125,121.39
4844,125,121.48
4848,125,121.60
4844,125,121.68
4844,125,121.77
4844,125,121.77
4848,125,121.83
4844,125,121.95
4844,125,122.04
4844,125,122.10
4848,125,122.19
4844,125,122.28
4844,125,122.34
4844,125,122.43
4848,125,122.43
4844,125,122.55
4844,125,122.64
4844,125,122.67
4848,125,122.73
4844,125,122.79
4844,125,122.85
4844,125,122.76
4848,125,122.85
4844,125,122.85
4844,125,122.85
4844,125,122.94
4848,125,122.85
4844,125,122.85
4844,125,122.82
4844,125,122.85
4848,125,122.85
4844,125,122.82
4844,125,122.82
4844,125,122.82
4848,125,122.82
4844,125,122.85
4844,125,122.85
4844,125,122.82
4848,125,122.79
4844,125,122.79
4844,125,122.73
4844,125,122.82
4852,125,122.82
4840,125,122.82
4844,125,122.88
4844,125,122.85
4848,125,122.85
4844,125,122.85
4844,125,122.82
4844,125,122.85
4844,125,122.85
4848,125,122.85
4844,125,122.91
4844,125,122.91
4848,125,122.91
4844,125,123.00
4844,125,123.03
4844,125,123.18
4848,125,123.24
4844,125,123.33
4844,125,123.37
4844,125,123.37
4848,125,123.43
4844,125,123.49
4844,125,123.52
4844,125,123.58
4844,125,123.58
4848,125,123.58
4844,125,123.58
4844,125,123.55
4848,125,123.58
4844,125,123.58
4844,125,123.61
4844,125,123.64
4848,125,123.76
4844,125,123.79
4844,125,123.89
4844,125,123.92
4848,125,123.95
4844,125,123.92
4844,125,123.98
4844,125,123.98
4848,125,123.92
4848,125,123.92
4840,125,123.85
4844,125,123.82
4844,125,123.76
4848,125,123.70
4844,125,123.76
4844,125,123.85
4848,125,123.92
4844,125,123.92
4844,125,123.89
4844,125,123.85
4848,125,123.76
4844,125,123.64
4844,125,123.61
4844,125,123.55
4848,125,123.52
4872,125,123.49
4816,125,123.46
4844,125,123.46
4848,125,123.49
4844,125,123.49
4844,125,123.52
4844,125,123.58
4848,125,123.64
4844,125,123.67
4844,125,123.73
4844,125,123.73
4848,125,123.73
4844,125,123.70
4844,125,123.73
4844,125,123.70
4848,125,123.73
4844,125,123.76
4844,125,123.79
4844,125,123.92
4844,125,123.95
4848,125,123.92
4844,125,123.92
4844,125,123.98
4848,125,123.95
4844,125,124.01
4844,125,123.98
4844,125,123.95
4848,125,123.89
4844,125,123.89
4844,125,123.79
4844,125,123.79
4844,125,123.79
4848,125,123.70
4844,125,123.76
4844,125,123.76
4848,125,123.89
4844,125,123.85
4844,125,123.85
4844,125,123.70
4848,125,123.64
4844,125,123.67
4844,125,123.67
4844,125,123.61
4848,125,123.58
4844,125,123.52
4844,125,123.52
4844,125,123.55
4848,125,123.52
4844,125,123.55
4844,125,123.64
4844,125,123.73
4852,125,123.73
4840,125,123.73
4844,125,123.73
4844,125,123.73
4848,125,123.70
4844,125,123.73
4844,125,123.67
4844,125,123.73
4848,125,123.76
4844,125,123.82
4844,125,123.82
4844,125,123.92
4848,125,123.98
4844,125,124.01
4844,125,124.04
4844,125,124.01
4848,125,124.01
4844,125,124.01
4844,125,123.95
4844,125,123.92
4848,125,123.92
4844,125,123.89
4844,125,123.89
4844,125,123.95
4848,125,123.95
4844,125,123.98
4844,125,124.01
4844,125,124.01
4848,125,123.95
4844,125,123.92
4844,125,123.92
4844,125,123.82
4848,125,123.79
4844,125,123.76
4844,125,123.73
4844,125,123.70
4848,125,123.67
4844,125,123.64
4844,125,123.70
4844,125,123.73
4848,125,123.73
4844,125,123.79
4844,125,123.85
4844,125,123.79
4848,125,123.82
4844,125,123.79
4844,125,123.79
4844,125,123.79
4848,125,123.79
4844,125,123.89
4844,125,123.89
4844,125,123.98
4848,125,124.07
4844,125,124.04
4844,125,124.07
4844,125,124.01
4848,125,123.98
4844,125,123.95
4844,125,123.89
4844,125,123.89
4848,125,123.89
4844,125,123.85
4844,125,123.89
4844,125,123.95
4848,125,123.98
4844,125,123.98
4844,125,124.01
4848,125,123.95
4844,125,123.85
4844,125,123.82
4844,125,123.82
4844,125,123.73
4848,125,123.70
4844,125,123.64
4844,125,123.67
4844,125,123.70
4844,125,123.73
4848,125,123.70
4844,125,123.82
4844,125,123.79
4848,125,123.79
4844,125,123.85
4844,125,123.82
4844,125,123.82
4848,125,123.79
4844,125,123.85
4844,125,123.82
4844,125,123.82
4848,125,123.79
4844,125,123.82
4844,125,123.82
4844,125,123.95
4848,125,123.98
4844,125,123.98
4844,125,124.01
4844,125,123.92
4848,125,123.92
4844,125,123.85
4844,125,123.85
4844,125,123.82
4848,125,123.82
4844,125,123.82
4844,125,123.85
4844,125,123.98
4848,125,124.01
4844,125,123.98
4844,125,123.95
4844,125,123.89
4852,125,123.85
4840,125,123.89
4844,125,123.89
4844,125,123.76
4848,125,123.70
4844,125,123.61
4844,125,123.67
4844,125,123.70
4848,125,123.70
4844,125,123.70
4844,125,123.76
4844,125,123.79
4848,125,123.79
4844,125,123.76
4844,125,123.82
4844,125,123.70
4848,125,123.76
4844,125,123.76
4844,125,123.82
4844,125,123.82
4848,125,123.79
4844,125,123.85
4844,125,123.85
4844,125,123.95
4844,125,124.01
4848,125,124.01
4844,125,124.04
4844,125,123.98
4848,125,123.92
4844,125,123.89
4844,125,123.82
4844,125,123.82
4848,125,123.82
4844,125,123.76
4844,125,123.82
4844,125,123.92
4848,125,124.01
4844,125,123.98
4844,125,123.98
4844,125,123.89
4848,125,123.85
4844,125,123.82
4844,125,123.82
4844,125,123.73
4844,125,123.67
4848,125,123.61
4844,125,123.61
4844,125,123.64
4848,125,123.61
4844,125,123.64
4844,125,123.70
4844,125,123.79
4848,125,123.79
4844,125,123.79
4844,125,123.82
4844,125,123.76
4848,125,123.76
4844,125,123.70
4844,125,123.73
4844,125,123.73
4848,125,123.79
4844,125,123.79
4844,125,123.79
4844,125,123.89
4848,125,123.89
4844,125,123.95
4844,125,123.98
4852,125,124.01
4840,125,123.95
4844,125,123.85
4844,125,123.82
4844,125,123.79
4848,125,123.79
4844,125,123.85
4844,125,123.82
4844,125,123.89
4848,125,123.82
4844,125,123.89
4844,125,123.89
4844,125,123.92
4848,125,123.82
4844,125,123.79
4844,125,123.79
4844,125,123.70
4844,125,123.64
4848,125,123.64
4844,125,123.58
4844,125,123.55
4844,125,123.49
4848,125,123.52
4844,125,123.64
4844,125,123.70
4848,125,123.70
4844,125,123.76
4844,125,123.70
4844,125,123.76
4848,125,123.73
4844,125,123.85
4844,125,123.73
4844,125,123.79
4844,125,123.79
4848,125,123.85
4844,125,123.85
4844,125,123.89
4848,125,123.85
4844,125,123.89
4844,125,123.95
4844,125,123.98
4848,125,123.98
4844,125,123.98
4844,125,123.92
4844,125,123.85
4848,125,123.85
4844,125,123.76
4844,125,123.76
4844,125,123.73
4848,125,123.76
4844,125,123.73
4844,125,123.85
4844,125,123.89
4844,125,123.92
4848,125,123.89
4844,125,123.89
4844,125,123.82
4848,125,123.76
4844,125,123.76
4844,125,123.70
4844,125,123.64
4848,125,123.58
4844,125,123.52
4844,125,123.55
4844,125,123.55
4848,125,123.55
4844,125,123.61
4844,125,123.67
4844,125,123.70
4848,125,123.70
4844,125,123.76
4844,125,123.70
4844,125,123.70
4848,125,123.70
4844,125,123.70
4844,125,123.70
4844,125,123.70
4848,125,123.73
4844,125,123.73
4844,125,123.89
4844,125,123.89
4848,125,123.98
4844,125,123.98
4844,125,123.98
4844,125,123.98
4848,125,123.98
4844,125,123.95
4844,125,123.89
4844,125,123.79
4848,125,123.79
4844,125,123.76
4844,125,123.79
4844,125,123.79
4848,125,123.79
4844,125,123.85
4844,125,123.85
4844,125,123.82
4848,125,123.82
4844,125,123.82
4844,125,123.76
4844,125,123.70
4848,125,123.64
4844,125,123.58
4872,125,123.55
4816,125,123.55
4848,125,123.55
4844,125,123.55
4844,125,123.61
4852,125,123.58
4840,125,123.61
4844,125,123.64
4844,125,123.67
4844,125,123.70
4848,125,123.73
4844,125,123.73
4844,125,123.73
4844,125,123.70
4844,125,123.70
4848,125,123.67
4844,125,123.67
4844,125,123.70
4848,125,123.73
4844,125,123.85
4844,125,123.89
4844,125,123.98
4848,125,123.98
4844,125,124.01
4844,125,123.98
4844,125,123.92
4848,125,123.95
4844,125,123.92
4844,125,123.89
4844,75,123.85
4760,75,123.67
4760,75,123.67
4760,75,122.76
4760,75,121.09
4760,75,118.91
4760,75,116.82
4760,75,114.60
4760,75,114.60
4760,75,112.54
4760,75,110.59
4760,75,108.74
4760,75,108.74
4760,75,106.95
4760,75,105.24
4760,75,103.50
4760,75,103.50
4760,75,101.79
4760,75,100.30
4760,75,100.30
4760,75,98.83
4676,75,97.39
4676,75,97.39
4672,75,96.06
4676,75,94.71
4676,75,94.71
4676,75,93.56
4676,75,92.37
4672,75,92.37
4676,75,91.32
4676,75,90.20
4676,75,90.20
4672,75,89.17
4676,75,89.17
4676,75,88.20
4680,75,87.31
4668,75,87.31
4676,75,86.46
4676,75,86.46
4676,75,85.51
4672,75,84.72
4676,75,84.72
4676,75,84.13
4676,75,84.13
4672,75,83.70
4676,75,83.31
4676,75,83.31
4676,75,82.89
4672,75,82.89
4676,75,82.43
4676,75,82.43
4676,75,81.91
4672,75,81.43
4676,75,81.43
4676,75,80.98
4676,75,80.98
4672,75,80.63
4676,75,80.63
4680,75,80.36
4672,75,80.36
4672,75,80.15
4676,75,79.95
4676,75,79.95
4672,75,79.72
4676,75,79.72
4676,75,79.35
4676,75,79.35
4676,75,78.89
4672,75,78.89
4676,75,78.41
4676,75,78.06
4676,75,78.06
4672,75,77.89
4676,75,77.89
4676,75,77.78
4676,75,77.78
4672,75,77.57
4676,75,77.57
4676,75,77.23
4676,75,77.23
4672,75,76.99
4676,75,76.89
4676,75,76.89
4688,75,76.76
4660,75,76.76
4676,75,76.57
4676,75,76.57
4676,75,76.43
4672,75,76.43
4676,75,76.37
4676,75,76.37
4676,75,76.23
4672,75,76.23
4676,75,76.07
4676,75,76.07
4676,75,75.96
4672,75,75.93
4676,75,75.93
4676,75,75.87
4676,75,75.87
4672,75,75.88
4676,75,75.88
4676,75,75.94
4676,75,75.94
4672,75,75.91
4676,75,75.91
4676,75,75.85
4676,75,75.85
4672,75,75.79
4676,75,75.79
4676,75,75.72
4676,75,75.72
4672,75,75.65
4676,75,75.61
4676,75,75.61
4672,75,75.55
4676,75,75.55
4676,75,75.51
4676,75,75.51
4676,75,75.44
4672,75,75.44
4676,75,75.37
4676,75,75.37
4676,75,75.30
4672,75,75.30
4676,75,75.27
4676,75,75.27
4672,75,75.26
4676,75,75.26
4676,75,75.27
4676,75,75.23
4676,75,75.23
4672,75,75.23
4676,75,75.23
4676,75,75.21
4676,75,75.21
4672,75,75.21
4676,75,75.21
4676,75,75.22
4676,75,75.22
4672,75,75.24
4676,75,75.24
4676,75,75.29
4676,75,75.29
4672,75,75.34
4676,75,75.34
4676,75,75.38
4676,75,75.41
4672,75,75.41
4676,75,75.43
4676,75,75.43
4676,75,75.45
4672,75,75.45
4676,75,75.47
4676,75,75.47
4676,75,75.52
4672,75,75.52
4676,75,75.54
4676,75,75.54
4676,75,75.57
4672,75,75.57
4676,75,75.56
4676,75,75.56
4676,75,75.55
4672,75,75.52
4676,75,75.52
4676,75,75.51
4676,75,75.51
4672,75,75.49
4676,75,75.49
4676,75,75.47
4676,75,75.47
4672,75,75.45
4676,75,75.45
4676,75,75.43
4676,75,75.43
4672,75,75.40
4676,75,75.40
4676,75,75.36
4676,75,75.36
4672,75,75.30
4676,75,75.29
4676,75,75.29
4676,75,75.29
4672,75,75.29
4676,75,75.31
4676,75,75.31
4676,75,75.31
4672,75,75.31
4676,75,75.34
4676,75,75.34
4676,75,75.35
4672,75,75.35
4676,75,75.37
4676,75,75.37
4676,75,75.38
4672,75,75.38
4676,75,75.38
4676,75,75.38
4676,75,75.41
4672,75,75.40
4676,75,75.40
4676,75,75.41
4680,75,75.41
4668,75,75.36
4676,75,75.36
4676,75,75.34
4676,75,75.34
4672,75,75.30
4676,75,75.30
4676,75,75.27
4676,75,75.27
4672,75,75.31
4676,75,75.31
4676,75,75.32
4676,75,75.32
4672,75,75.35
4676,75,75.31
4676,75,75.31
4676,75,75.34
4672,75,75.34
4676,75,75.35
4676,75,75.35
4676,75,75.38
4672,75,75.38
4676,75,75.39
4680,75,75.39
4672,75,75.41
4672,75,75.41
4676,75,75.41
4676,75,75.41
4676,75,75.40
4672,75,75.40
4676,75,75.37
4676,75,75.35
4676,75,75.35
4672,75,75.32
4676,75,75.32
4676,75,75.32
4676,75,75.32
4672,75,75.35
4676,75,75.35
4676,75,75.37
4676,75,75.37
4672,75,75.39
4676,75,75.39
4676,75,75.41
4676,75,75.41
4672,75,75.39
4680,75,75.39
4672,75,75.39
4676,75,75.39
4672,75,75.38
4676,75,75.39
4676,75,75.39
4676,75,75.39
4672,75,75.39
4676,75,75.40
4676,75,75.40
4676,75,75.40
4672,75,75.40
4676,75,75.37
4676,75,75.37
4676,75,75.32
4672,75,75.32
4676,75,75.28
4676,75,75.28
4676,75,75.23
4672,75,75.23
4676,75,75.24
4676,75,75.20
4676,75,75.20
4676,75,75.13
4672,75,75.13
4676,75,75.09
4676,75,75.09
4672,75,75.05
4676,75,75.05
4676,75,74.97
4672,75,74.97
4676,75,74.91
4676,75,74.91
4676,75,74.85
4676,75,74.85
4672,75,74.85
4676,75,74.85
4676,75,74.82
4676,75,74.82
4672,75,74.77
4676,75,74.77
4676,75,74.77
4676,75,74.74
4672,75,74.74
4676,75,74.64
4676,75,74.64
4676,75,74.62
4672,75,74.62
4676,75,74.56
4676,75,74.56
4672,75,74.55
4676,75,74.55
4676,75,74.53
4676,75,74.53
4676,75,74.45
4672,75,74.45
4676,75,74.46
4676,75,74.46
4672,75,74.44
4676,75,74.44
4676,75,74.39
4676,75,74.39
4676,75,74.39
4672,75,74.36
4676,75,74.36
4676,75,74.48
4676,75,74.48
4672,75,74.49
4676,75,74.49
4676,75,74.40
4676,75,74.40
4672,75,74.34
4676,75,74.34
4676,75,74.26
4676,75,74.26
4672,75,74.33
4676,75,74.33
4676,75,74.32
4676,75,74.32
4672,75,74.22
4676,75,74.22
4676,75,74.17
4676,75,74.17
4672,75,74.07
4676,75,74.07
4676,75,74.13
4676,75,74.13
4672,75,74.12
4676,75,74.07
4676,75,74.07
4676,75,74.10
4672,75,74.10
4676,75,74.13
4676,75,74.13
4676,75,74.31
4672,75,74.31
4676,75,74.36
4676,75,74.36
4676,75,74.32
4672,75,74.32
4676,75,74.28
4676,75,74.28
4676,75,74.26
4672,75,74.26
4676,75,74.34
4676,75,74.34
4676,75,74.39
4672,75,74.39
4676,75,74.39
4676,75,74.39
4672,75,74.40
4676,75,74.36
4676,75,74.36
4676,75,74.45
4676,75,74.45
4672,75,74.49
4676,75,74.49
4676,75,74.47
4676,75,74.47
4672,75,74.47
4676,75,74.47
4676,75,74.48
4676,75,74.48
4672,75,74.58
4676,75,74.58
4676,75,74.62
4676,75,74.62
4672,75,74.64
4676,75,74.64
4676,75,74.72
4676,75,74.72
4672,75,74.81
4676,75,74.79
4676,75,74.79
4676,75,74.84
4672,75,74.84
4676,75,74.86
4676,75,74.86
4672,75,74.94
4676,75,74.94
4676,75,75.00
4676,75,75.00
4676,75,75.03
4672,75,75.03
4676,75,75.12
4680,75,75.12
4672,75,75.17
4672,75,75.17
4676,75,75.19
4676,75,75.19
4676,75,75.23
4672,75,75.29
4676,75,75.29
4676,75,75.30
4676,75,75.30
4672,75,75.31
4676,75,75.31
4676,75,75.30
4676,75,75.30
4672,75,75.32
4676,75,75.32
4676,75,75.36
4676,75,75.36
4672,75,75.40
4676,75,75.40
4676,75,75.44
4676,75,75.44
4672,75,75.47
4684,75,75.51
4668,75,75.51
4676,75,75.54
4672,75,75.54
4676,75,75.54
4676,75,75.54
4676,75,75.54
4672,75,75.54
4676,75,75.54
4676,75,75.54
4676,75,75.55
4672,75,75.55
4676,75,75.56
4676,75,75.56
4676,75,75.55
4672,75,75.55
4676,75,75.52
4676,75,75.49
4676,75,75.49
4672,75,75.52
4676,75,75.52
4676,75,75.54
4676,75,75.54
4680,75,75.57
4668,75,75.57
4676,75,75.64
4676,75,75.64
4672,75,75.65
4676,75,75.65
4676,75,75.67
4676,75,75.67
4672,75,75.70
4676,75,75.70
4676,75,75.68
4676,75,75.65
4672,75,75.65
4676,75,75.63
4676,75,75.63
4676,75,75.61
4672,75,75.61
4676,75,75.59
4676,75,75.59
4672,75,75.53
4676,75,75.53
4676,75,75.47
4676,75,75.47
4676,75,75.43
4672,75,75.43
4676,75,75.41
4676,75,75.41
4676,75,75.43
4672,75,75.43
4676,75,75.43
4676,75,75.43
4676,75,75.43
4672,75,75.43
4676,75,75.43
4676,75,75.41
4676,75,75.41
4672,75,75.40
4676,75,75.40
4676,75,75.37
4676,75,75.37
4672,75,75.36
4676,75,75.36
4676,75,75.34
4676,75,75.34
4672,75,75.34
4676,75,75.32
4676,75,75.32
4676,75,75.29
4672,75,75.29
4676,75,75.27
4676,75,75.27
4676,75,75.27
4672,75,75.27
4676,75,75.26
4676,75,75.26
4676,75,75.30
4672,75,75.30
4676,75,75.32
4676,75,75.32
4676,75,75.38
4672,125,75.38
4760,125,75.40
4760,125,76.28
4760,125,76.28
4760,125,79.03
4760,125,79.03
4760,125,83.38
4760,125,88.29
4760,125,88.29
4760,125,92.23
4760,125,95.37
4760,125,98.19
4760,125,98.19
4760,125,100.60
4848,125,102.65
4844,125,104.43
4844,125,104.43
4844,125,106.16
4848,125,107.76
4844,125,109.27
4844,125,110.59
4844,125,110.59
4848,125,111.73
4844,125,112.79
4844,125,113.66
4844,125,114.34
4848,125,115.05
4844,125,115.05
4844,125,115.82
4844,125,116.60
4848,125,117.26
4844,125,117.76
4844,125,118.20
4844,125,118.65
4848,125,118.65
4844,125,119.08
4844,125,119.42
4844,125,119.76
4848,125,120.08
4844,125,120.39
4844,125,120.66
4844,125,120.98
4848,125,120.98
4844,125,121.27
4844,125,121.51
4844,125,121.77
4848,125,121.98
4844,125,122.16
4844,125,122.31
4844,125,122.40
4848,125,122.55
4844,125,122.55
4844,125,122.67
4844,125,122.79
4848,125,122.85
4844,125,123.00
4844,125,123.06
4844,125,123.21
4848,125,123.21
4848,125,123.40
4840,125,123.40
4844,125,123.55
4848,125,123.67
4844,125,123.70
4844,125,123.79
4844,125,123.79
4848,125,123.82
4844,125,123.82
4844,125,123.79
4844,125,123.79
4848,125,123.79
4844,125,123.79
4844,125,123.79
4844,125,123.73
4848,125,123.73
4844,125,123.76
4844,125,123.92
4844,125,123.92
4848,125,123.92
4844,125,123.92
4844,125,123.92
4844,125,123.85
4848,125,123.79
4844,125,123.79
4844,125,123.73
4844,125,123.70
4848,125,123.64
4844,125,123.67
4844,125,123.73
4844,125,123.76
4844,125,123.76
4848,125,123.76
4844,125,123.82
4844,125,123.82
4848,125,123.82
4844,125,123.85
4844,125,123.85
4844,125,123.89
4848,125,123.95
4844,125,123.98
4852,125,123.98
4836,125,124.07
4848,125,124.07
4844,125,124.10
4844,125,124.16
4844,125,124.16
4848,125,124.13
4844,125,124.13
4844,125,124.07
4844,125,124.04
4848,125,124.04
4844,125,124.01
4844,125,124.07
4844,125,124.19
4848,125,124.19
4844,125,124.19
4844,125,124.19
4844,125,124.13
4848,125,124.04
4844,125,123.98
4844,125,123.98
4844,125,123.95
4848,125,123.89
4844,125,123.85
4844,125,123.82
4844,125,123.92
4848,125,123.92
4844,125,123.95
4844,125,123.95
4844,125,123.95
4848,125,123.95
4844,125,123.92
4844,125,123.95
4844,125,123.89
4844,125,123.89
4848,125,123.89
4844,125,123.89
4844,125,124.01
4848,125,124.01
4860,125,124.07
4828,125,124.04
4844,125,124.04
4844,125,124.01
4848,125,123.98
4844,125,123.98
4844,125,123.95
4848,125,123.92
4844,125,123.92
4844,125,123.98
4844,125,124.04
4848,125,124.10
4844,125,124.10
4844,125,124.01
4844,125,124.04
4848,125,123.92
4844,125,123.92
4844,125,123.92
4844,125,123.82
4848,125,123.79
4844,125,123.67
4844,125,123.79
4844,125,123.79
4848,125,123.85
4844,125,123.95
4844,125,123.92
4844,125,123.98
4848,125,123.98
4848,125,123.95
4840,125,123.98
4844,125,123.92
4848,125,123.95
4844,125,123.95
4844,125,123.92
4844,125,124.01
4848,125,124.10
4844,125,124.13
4844,125,124.13
4844,125,124.16
4848,125,124.13
4844,125,124.10
4844,125,124.07
4844,125,124.07
4848,125,123.98
4844,125,123.95
4844,125,123.89
4844,125,123.95
4848,125,123.98
4844,125,124.10
4844,125,124.07
4844,125,124.07
4848,125,123.92
4844,125,123.92
4844,125,123.89
4844,125,123.89
4848,125,123.82
4844,125,123.82
4844,125,123.76
4844,125,123.79
4844,125,123.85
4848,125,123.92
4844,125,123.92
4844,125,123.92
4848,125,123.95
4844,125,123.92
4844,125,123.92
4844,125,123.89
4848,125,123.85
4844,125,123.85
4844,125,123.89
4844,125,123.92
4844,125,124.04
4848,125,124.04
4844,125,124.07
4844,125,124.07
4848,125,124.13
4844,125,124.10
4844,125,124.10
4844,125,124.04
4848,125,123.92
4844,125,123.92
4844,125,123.89
4844,125,123.89
4848,125,123.98
4844,125,124.07
4844,125,124.10
4844,125,124.10
4848,125,124.07
4844,125,124.01
4844,125,123.95
4844,125,123.92
4848,125,123.85
4844,125,123.85
4844,125,123.85
4844,125,123.82
4848,125,123.82
4844,125,123.89
4844,125,123.92
4844,125,123.98
4848,125,124.01
4844,125,123.98
4844,125,123.95
4844,125,123.95
4848,125,123.98
4844,125,123.95
4844,125,123.95
4844,125,123.95
4848,125,123.95
4844,125,124.13
4844,125,124.13
4844,125,124.19
4848,125,124.13
4844,125,124.10
4844,125,124.10
4844,125,124.04
4844,125,124.01
4848,125,123.92
4844,125,123.95
4844,125,123.89
4844,125,123.92
4848,125,123.98
4844,125,124.01
4844,125,124.01
4848,125,124.01
4844,125,124.01
4844,125,123.95
4844,125,123.85
4844,125,123.85
4848,125,123.76
4844,125,123.79
4844,125,123.70
4848,125,123.79
4844,125,123.92
4844,125,123.92
4844,125,123.98
4848,125,123.98
4848,125,123.98
4840,125,124.01
4844,125,124.01
4848,125,124.04
4844,125,123.98
4844,125,124.01
4844,125,123.98
4848,125,123.98
4844,125,124.04
4844,125,124.13
4844,125,124.13
4848,125,124.13
4844,125,124.13
4844,125,124.13
4844,125,124.07
4848,125,124.07
4844,125,123.98
4844,125,123.98
4844,125,124.01
4848,125,123.92
4844,125,123.98
4844,125,124.04
4844,125,124.07
4848,125,124.01
4844,125,123.95
4844,125,123.85
4844,125,123.82
4848,125,123.82
4844,125,123.79
4844,125,123.76
4844,125,123.76
4848,125,123.76
4844,125,123.76
4844,125,123.85
4844,125,123.89
4848,125,123.92
4844,125,123.95
4844,125,123.95
4844,125,123.95
4844,125,123.95
4848,125,123.95
4844,125,123.89
4844,125,123.92
4848,125,123.92
4844,125,123.95
4844,125,124.04
4844,125,124.07
4848,125,124.07
4844,125,124.10
4844,125,124.10
4844,125,124.04
4848,125,124.01
4844,125,123.95
4844,125,123.92
4844,125,123.89
4848,125,123.85
4844,125,123.95
4844,125,123.95
4844,125,124.04
4848,125,124.07
4844,125,123.98
4844,125,123.95
4844,125,123.92
4848,125,123.89
4844,125,123.89
4844,125,123.79
4844,125,123.76
4852,125,123.76
4840,125,123.70
4844,125,123.76
4844,125,123.82
4848,125,123.89
4844,125,123.89
4844,125,123.95
4844,125,123.92
4848,125,123.92
4844,125,123.92
4844,125,123.92
4844,125,123.89
4848,125,123.92
4844,125,123.95
4844,125,124.01
4844,125,124.10
4848,125,124.13
4844,125,124.16
4844,125,124.19
4844,125,124.13
4848,125,124.10
4844,125,124.10
4844,125,124.07
4844,125,124.04
4848,125,124.01
4844,125,123.98
4844,125,123.98
4844,125,124.07
4848,125,124.10
4844,125,124.10
4844,125,124.10
4844,125,124.10
4848,125,124.01
4844,125,123.95
4844,125,123.89
4844,125,123.85
4844,125,123.85
4848,125,123.82
4844,125,123.85
4872,125,123.85
4820,125,123.95
4848,125,123.95
4840,125,123.95
4844,125,124.04
4848,125,123.98
4844,125,124.01
4844,125,124.04
4844,125,124.04
4848,125,124.04
4844,125,124.04
4844,125,124.04
4844,125,124.04
4844,125,124.13
4848,125,124.16
4844,125,124.16
4844,125,124.19
4844,125,124.10
4848,125,124.07
4844,125,124.04
4844,125,124.04
4848,125,124.07
4844,125,124.07
4844,125,124.04
4844,125,124.07
4848,125,124.13
4844,125,124.07
4844,125,124.01
4844,125,123.98
4848,125,123.92
4844,125,123.85
4844,125,123.82
4844,125,123.82
4848,125,123.82
4844,125,123.89
4844,125,123.89
4844,125,123.89
4848,125,123.92
4844,125,123.95
4844,125,123.95
4844,125,124.01
4848,125,123.95
4844,125,123.95
4844,125,123.95
4844,125,123.98
4848,125,124.04
4844,125,124.19
4844,125,124.16
4844,125,124.22
4848,125,124.25
4844,125,124.29
4844,125,124.16
4844,125,124.16
4848,125,124.16
4844,125,124.04
4844,125,124.07
4844,125,124.01
4848,125,124.10
4844,125,124.16
4844,125,124.19
4844,125,124.16
4848,125,124.13
4844,125,124.07
4844,125,124.07
4844,125,123.98
4844,125,124.01
4848,125,123.95
4844,125,123.98
4844,125,123.92
4852,125,123.92
4840,125,124.01
4844,125,124.04
4844,125,124.07
4844,125,124.07
4848,125,124.07
4844,125,124.04
4844,125,124.01
4848,125,124.04
4844,125,124.07
4844,125,124.16
4844,125,124.16
4848,125,124.19
4844,125,124.25
4844,125,124.25
4844,125,124.22
4848,125,124.16
4844,125,124.16
4844,125,124.10
4844,125,124.10
4848,125,124.04
4844,125,124.10
4844,125,124.16
4844,125,124.22
4844,125,124.22
4848,125,124.16
4844,125,124.16
4844,125,124.04
4848,125,124.01
4844,125,123.95
4844,125,123.89
4844,125,123.82
4848,125,123.79
4844,125,123.82
4844,125,123.82
4844,125,123.92
4848,125,123.95
4844,125,123.95
4844,125,123.95
4844,125,123.98
4848,125,123.98
4844,125,124.01
4844,125,123.95
4844,125,123.95
4848,125,123.95
4844,125,123.98
4844,125,124.01
4844,125,124.13
4848,125,124.13
4844,125,124.13
4844,75,124.10
4760,75,124.01
4760,75,123.30
4760,75,123.30
4760,75,121.86
4760,75,119.73
4760,75,117.62
4760,75,115.42
4760,75,113.30
4760,75,113.30
4760,75,111.33
4760,75,109.43
4760,75,107.69
4768,75,107.69
4752,75,105.95
4760,75,104.23
4760,75,102.52
4760,75,102.52
4760,75,101.01
4760,75,99.56
4676,75,99.56
4672,75,98.14
4676,75,96.82
4676,75,96.82
4676,75,95.46
4672,75,94.18
4676,75,94.18
4676,75,93.01
4692,75,91.84
4660,75,91.84
4672,75,90.76
4676,75,90.76
4676,75,89.77
4676,75,88.78
4672,75,88.78
4676,75,87.84
4676,75,86.99
4676,75,86.99
4672,75,86.31
4676,75,86.31
4676,75,85.62
4676,75,85.62
4672,75,84.85
4676,75,83.96
4676,75,83.96
4676,75,83.11
4672,75,83.11
4676,75,82.43
4676,75,81.77
4676,75,81.77
4672,75,81.20
4676,75,81.20
4676,75,80.65
4676,75,80.65
4672,75,80.08
4676,75,80.08
4676,75,79.50
4676,75,79.00
4672,75,79.00
4676,75,78.69
4676,75,78.69
4676,75,78.58
4672,75,78.58
4676,75,78.52
4676,75,78.52
4676,75,78.33
4672,75,78.33
4676,75,77.95
4676,75,77.65
4672,75,77.65
4676,75,77.50
4676,75,77.50
4676,75,77.47
4676,75,77.47
4672,75,77.36
4676,75,77.36
4676,75,77.11
4672,75,77.11
4676,75,76.96
4676,75,76.85
4676,75,76.85
4676,75,76.72
4672,75,76.72
4676,75,76.51
4676,75,76.51
4676,75,76.37
4672,75,76.37
4676,75,76.36
4676,75,76.36
4676,75,76.25
4672,75,76.25
4676,75,76.18
4676,75,76.18
4672,75,76.15
4676,75,76.17
4676,75,76.17
4676,75,76.12
4680,75,76.12
4668,75,76.09
4676,75,76.09
4676,75,76.15
4676,75,76.15
4672,75,76.12
4676,75,76.12
4676,75,76.09
4676,75,76.09
4672,75,76.06
4676,75,76.06
4676,75,76.07
4676,75,76.02
4672,75,76.02
4676,75,76.01
4676,75,76.01
4676,75,76.08
4672,75,76.08
4676,75,76.07
4676,75,76.07
4672,75,76.09
4676,75,76.09
4676,75,76.07
4680,75,76.07
4672,75,76.00
4672,75,76.00
4676,75,75.93
4676,75,75.90
4676,75,75.90
4672,75,75.90
4676,75,75.90
4676,75,75.84
4676,75,75.84
4672,75,75.83
4676,75,75.83
4676,75,75.82
4672,75,75.82
4676,75,75.79
4676,75,75.79
4676,75,75.77
4676,75,75.77
4672,75,75.76
4676,75,75.76
4676,75,75.75
4676,75,75.73
4672,75,75.73
4684,75,75.78
4668,75,75.78
4676,75,75.75
4672,75,75.75
4676,75,75.71
4676,75,75.71
4676,75,75.70
4672,75,75.70
4676,75,75.65
4676,75,75.65
4676,75,75.62
4672,75,75.62
4676,75,75.55
4676,75,75.49
4676,75,75.49
4672,75,75.47
4676,75,75.47
4676,75,75.45
4676,75,75.45
4672,75,75.44
4676,75,75.44
4676,75,75.39
4672,75,75.39
4680,75,75.36
4672,75,75.36
4676,75,75.30
4676,75,75.30
4672,75,75.29
4676,75,75.29
4676,75,75.27
4676,75,75.27
4672,75,75.27
4676,75,75.24
4676,75,75.24
4676,75,75.24
4672,75,75.24
4676,75,75.26
4676,75,75.26
4676,75,75.26
4672,75,75.26
4676,75,75.26
4676,75,75.26
4676,75,75.26
4672,75,75.26
4676,75,75.28
4676,75,75.28
4676,75,75.28
4672,75,75.28
4676,75,75.32
4676,75,75.36
4676,75,75.36
4672,75,75.39
4676,75,75.39
4676,75,75.40
4676,75,75.40
4672,75,75.41
4676,75,75.41
4676,75,75.44
4676,75,75.44
4672,75,75.46
4676,75,75.46
4676,75,75.48
4676,75,75.48
4672,75,75.51
4676,75,75.51
4676,75,75.52
4676,75,75.51
4672,75,75.51
4676,75,75.49
4676,75,75.49
4676,75,75.47
4672,75,75.47
4676,75,75.47
4676,75,75.47
4676,75,75.49
4672,75,75.49
4676,75,75.51
4676,75,75.51
4672,75,75.51
4676,75,75.51
4676,75,75.49
4676,75,75.49
4672,75,75.45
4676,75,75.43
4676,75,75.43
4676,75,75.40
4676,75,75.40
4672,75,75.43
4676,75,75.43
4676,75,75.44
4676,75,75.44
4672,75,75.44
4676,75,75.44
4676,75,75.44
4676,75,75.44
4672,75,75.43
4676,75,75.43
4676,75,75.41
4676,75,75.41
4672,75,75.39
4676,75,75.38
4676,75,75.38
4676,75,75.38
4672,75,75.38
4676,75,75.39
4676,75,75.39
4676,75,75.41
4672,75,75.41
4676,75,75.40
4676,75,75.40
4676,75,75.40
4672,75,75.40
4676,75,75.38
4676,75,75.38
4676,75,75.39
4672,75,75.39
4676,75,75.40
4676,75,75.40
4676,75,75.40
4672,75,75.41
4676,75,75.41
4676,75,75.39
4672,75,75.39
4676,75,75.37
4676,75,75.37
4676,75,75.34
4676,75,75.34
4672,75,75.34
4676,75,75.34
4676,75,75.36
4676,75,75.36
4672,75,75.38
4676,75,75.38
4676,75,75.41
4676,75,75.41
4672,75,75.41
4676,75,75.44
4676,75,75.44
4676,75,75.44
4672,75,75.44
4676,75,75.45
4676,75,75.45
4676,75,75.44
4672,75,75.44
4676,75,75.44
4680,75,75.44
4668,75,75.46
4676,75,75.46
4676,75,75.47
4676,75,75.47
4676,75,75.46
4672,75,75.46
4676,75,75.43
4676,75,75.39
4676,75,75.39
4672,75,75.37
4676,75,75.37
4676,75,75.38
4676,75,75.38
4672,75,75.39
4676,75,75.39
4676,75,75.44
4676,75,75.44
4672,75,75.45
4676,75,75.45
4676,75,75.46
4676,75,75.46
4672,75,75.43
4684,75,75.43
4668,75,75.41
4672,75,75.40
4676,75,75.40
4676,75,75.41
4676,75,75.41
4676,75,75.41
4672,75,75.41
4676,75,75.43
4676,75,75.43
4676,75,75.44
4672,75,75.44
4676,75,75.41
4676,75,75.41
4676,75,75.39
4672,75,75.39
4676,75,75.37
4676,75,75.37
4676,75,75.37
4672,75,75.38
4676,75,75.38
4676,75,75.39
4676,75,75.39
4680,75,75.41
4668,75,75.41
4676,75,75.41
4676,75,75.41
4672,75,75.43
4676,75,75.43
4676,75,75.44
4672,75,75.44
4676,75,75.44
4676,75,75.44
4676,75,75.44
4676,75,75.44
4672,75,75.45
4676,75,75.46
4676,75,75.46
4676,75,75.45
4672,75,75.45
4676,75,75.43
4676,75,75.43
4676,75,75.38
4672,75,75.38
4676,75,75.36
4676,75,75.36
4680,75,75.36
4668,75,75.36
4676,75,75.39
4676,75,75.39
4676,75,75.41
4672,75,75.41
4676,75,75.41
4676,75,75.41
4676,75,75.43
4672,75,75.43
4676,75,75.43
4676,75,75.44
4676,75,75.44
4672,75,75.44
4676,75,75.44
4676,75,75.44
4676,75,75.44
4672,75,75.45
4676,75,75.45
4676,75,75.46
4676,75,75.46
4672,75,75.46
4676,75,75.46
4676,75,75.43
4676,75,75.43
4672,75,75.38
4676,75,75.36
4676,75,75.36
4676,75,75.37
4672,75,75.37
4676,75,75.39
4676,75,75.39
4676,75,75.40
4672,75,75.40
4676,75,75.43
4676,75,75.43
4676,75,75.43
4672,75,75.43
4676,75,75.45
4676,75,75.45
4676,75,75.43
4672,75,75.43
4676,75,75.43
4676,75,75.43
4676,75,75.43
4672,75,75.43
4676,75,75.43
4676,75,75.43
4672,75,75.43
4676,75,75.39
4676,75,75.39
4676,75,75.36
4672,75,75.36
4676,75,75.32
4676,75,75.32
4676,75,75.34
4676,75,75.34
4672,75,75.34
4676,75,75.34
4676,75,75.37
4676,75,75.39
4672,75,75.39
4676,75,75.43
4676,75,75.43
4676,75,75.43
4672,75,75.43
4676,75,75.43
4676,75,75.43
4676,75,75.43
4672,75,75.43
4676,75,75.45
4676,75,75.45
4676,75,75.46
4672,75,75.46
4676,75,75.49
4676,75,75.49
4676,75,75.47
4672,75,75.46
4676,75,75.46
4676,75,75.40
4672,75,75.40
4676,75,75.39
4676,75,75.39
4676,75,75.37
4676,75,75.37
4672,75,75.39
4676,75,75.39
4676,75,75.41
4672,75,75.41
4676,75,75.43
4676,75,75.43
4676,75,75.43
4676,75,75.43
4672,75,75.44
4676,75,75.44
4676,75,75.41
4688,75,75.41
4660,75,75.41
4676,75,75.39
4676,75,75.39
4676,75,75.43
4672,75,75.43
4676,75,75.43
4676,75,75.43
4676,75,75.44
4672,75,75.44
4676,75,75.44
4676,75,75.44
4676,75,75.41
4672,75,75.41
4676,75,75.39
4676,75,75.39
4676,75,75.35
4672,75,75.37
4676,75,75.37
4676,75,75.38
4672,75,75.38
4676,75,75.41
4676,75,75.41
4676,75,75.43
4676,75,75.43
4672,75,75.43
4676,75,75.43
4676,75,75.43
4676,75,75.43
4672,75,75.43
4676,75,75.43
4676,75,75.43
4672,75,75.43
4676,75,75.44
4676,75,75.45
4676,75,75.45
4676,75,75.46
4672,75,75.46
4676,75,75.45
4676,75,75.45
4676,75,75.41
4672,75,75.41
4676,75,75.39
4676,75,75.39
4676,75,75.37
4672,75,75.37
4676,75,75.37
4676,125,75.37
4760,125,75.39
4760,125,76.16
4760,125,76.16
4760,125,78.60
4760,125,78.60
4760,125,82.66
4760,125,87.41
4760,125,87.41
4760,125,91.21
4760,125,94.38
4764,125,94.38
4756,125,97.30
4760,125,99.72
4760,125,102.02
4844,125,102.02
4844,125,103.86
4848,125,105.53
4844,125,107.11
4844,125,108.65
4844,125,108.65
4848,125,109.99
4844,125,111.26
4844,125,112.33
4844,125,113.20
4848,125,113.95
4844,125,113.95
4844,125,114.68
4844,125,115.45
4848,125,116.23
4844,125,116.88
4844,125,117.34
4844,125,117.34
4848,125,117.79
4844,125,118.32
4844,125,118.82
4844,125,119.19
4848,125,119.50
4844,125,119.90
4844,125,120.31
4844,125,120.31
4844,125,120.60
4848,125,120.86
4844,125,121.09
4844,125,121.24
4848,125,121.33
4844,125,121.45
4844,125,121.60
4844,125,121.60
4848,125,121.80
4844,125,121.95
4852,125,122.19
4836,125,122.31
4848,125,122.52
4844,125,122.64
4844,125,122.79
4844,125,122.91
4848,125,123.00
4844,125,123.00
4844,125,123.09
4844,125,123.12
4848,125,123.12
4844,125,123.12
4844,125,123.12
4844,125,123.09
4848,125,123.12
4844,125,123.12
4844,125,123.12
4844,125,123.18
4848,125,123.15
4844,125,123.18
4844,125,123.18
4844,125,123.21
4848,125,123.21
4844,125,123.18
4844,125,123.24
4844,125,123.24
4848,125,123.24
4844,125,123.40
4844,125,123.33
4844,125,123.40
4848,125,123.49
4844,125,123.58
4844,125,123.64
4844,125,123.64
4872,125,123.67
4820,125,123.70
4844,125,123.70
4844,125,123.76
4848,125,123.76
4844,125,123.76
4844,125,123.82
4852,125,123.92
4840,125,124.01
4844,125,124.04
4852,125,124.04
4836,125,124.16
4848,125,124.16
4844,125,124.16
4844,125,124.16
4844,125,124.16
4848,125,124.13
4844,125,124.13
4844,125,124.10
4844,125,124.13
4844,125,124.25
4848,125,124.32
4844,125,124.32
4844,125,124.32
4848,125,124.32
4844,125,124.22
4844,125,124.16
4844,125,124.16
4848,125,124.13
4844,125,124.19
4844,125,124.16
4844,125,124.22
4848,125,124.22
4844,125,124.32
4844,125,124.32
4844,125,124.29
4848,125,124.32
4844,125,124.29
4844,125,124.38
4844,125,124.35
4848,125,124.41
4844,125,124.47
4844,125,124.50
4844,125,124.50
4848,125,124.47
4844,125,124.47
4844,125,124.41
4844,125,124.41
4848,125,124.41
4844,125,124.41
4844,125,124.53
4844,125,124.47
4848,125,124.47
4844,125,124.47
4844,125,124.44
4844,125,124.32
4848,125,124.35
4844,125,124.25
4844,125,124.35
4844,125,124.38
4848,125,124.44
4844,125,124.47
4844,125,124.53
4844,125,124.53
4848,125,124.53
4844,125,124.53
4844,125,124.53
4844,125,124.56
4848,125,124.63
4844,125,124.66
4844,125,124.66
4844,125,124.72
4848,125,124.60
4844,125,124.56
4852,125,124.56
4836,125,124.50
4848,125,124.53
4844,125,124.63
4844,125,124.60
4844,125,124.56
4848,125,124.50
4844,125,124.47
4844,125,124.41
4844,125,124.35
4848,125,124.32
4844,125,124.32
4844,125,124.41
4844,125,124.44
4848,125,124.47
4844,125,124.50
4844,125,124.44
4844,125,124.47
4848,125,124.44
4844,125,124.50
4844,125,124.56
4844,125,124.56
4848,125,124.60
4844,125,124.60
4844,125,124.60
4844,125,124.56
4848,125,124.53
4844,125,124.50
4844,125,124.47
4844,125,124.56
4848,125,124.56
4844,125,124.53
4844,125,124.53
4844,125,124.53
4848,125,124.41
4844,125,124.41
4844,125,124.32
4844,125,124.35
4848,125,124.44
4844,125,124.50
4844,125,124.47
4844,125,124.50
4848,125,124.50
4844,125,124.41
4844,125,124.50
4844,125,124.44
4848,125,124.53
4844,125,124.60
4844,125,124.60
4844,125,124.56
4848,125,124.56
4844,125,124.53
4844,125,124.50
4844,125,124.50
4848,125,124.44
4844,125,124.47
4844,125,124.56
4844,125,124.56
4848,125,124.50
4844,125,124.47
4844,125,124.35
4844,125,124.32
4848,125,124.22
4844,125,124.22
4844,125,124.29
4844,125,124.38
4848,125,124.41
4844,125,124.41
4844,125,124.44
4844,125,124.41
4848,125,124.44
4844,125,124.41
4844,125,124.50
4844,125,124.50
4844,125,124.53
4848,125,124.60
4844,125,124.56
4844,125,124.63
4848,125,124.50
4844,125,124.47
4844,125,124.44
4844,125,124.47
4848,125,124.56
4844,125,124.53
4844,125,124.53
4844,125,124.53
4848,125,124.44
4844,125,124.35
4844,125,124.22
4844,125,124.29
4848,125,124.29
4844,125,124.38
4844,125,124.35
4844,125,124.29
4848,125,124.29
4844,125,124.38
4844,125,124.35
4844,125,124.44
4848,125,124.41
4844,125,124.47
4844,125,124.53
4844,125,124.63
4848,125,124.60
4844,125,124.66
4844,125,124.53
4844,125,124.53
4848,125,124.50
4844,125,124.47
4852,125,124.50
4836,125,124.60
4848,125,124.56
4844,125,124.50
4844,125,124.50
4844,125,124.41
4848,125,124.38
4844,125,124.38
4844,125,124.35
4844,125,124.35
4844,125,124.41
4848,125,124.38
4844,125,124.41
4844,125,124.44
4848,125,124.41
4844,125,124.44
4848,125,124.47
4840,125,124.50
4848,125,124.50
4844,125,124.60
4844,125,124.60
4844,125,124.60
4848,125,124.56
4844,125,124.56
4844,125,124.53
4844,125,124.50
4848,125,124.47
4844,125,124.50
4844,125,124.50
4844,125,124.47
4848,125,124.47
4844,125,124.50
4844,125,124.44
4844,125,124.35
4848,125,124.32
4844,125,124.35
4844,125,124.35
4844,125,124.32
4844,125,124.35
4848,125,124.35
4844,125,124.44
4844,125,124.44
4848,125,124.41
4844,125,124.41
4844,125,124.41
4844,125,124.41
4848,125,124.41
4844,125,124.41
4844,125,124.50
4844,125,124.50
4848,125,124.47
4844,125,124.44
4844,125,124.35
4844,125,124.32
4848,125,124.29
4844,125,124.29
4844,125,124.25
4844,125,124.35
4848,125,124.32
4844,125,124.32
4844,125,124.29
4844,125,124.25
4848,125,124.16
4844,125,124.13
4844,125,124.07
4844,125,124.16
4848,125,124.25
4848,125,124.32
4840,125,124.32
4844,125,124.35
4848,125,124.35
4844,125,124.32
4844,125,124.35
4844,125,124.41
4848,125,124.47
4844,125,124.56
4844,125,124.60
4844,125,124.60
4848,125,124.60
4844,125,124.50
4844,125,124.50
4844,125,124.50
4848,125,124.50
4844,125,124.50
4844,125,124.56
4844,125,124.53
4848,125,124.53
4844,125,124.53
4844,125,124.44
4844,125,124.38
4848,125,124.32
4844,125,124.32
4844,125,124.32
4844,125,124.38
4848,125,124.38
4844,125,124.38
4844,125,124.41
4844,125,124.38
4848,125,124.41
4844,125,124.41
4844,125,124.41
4844,125,124.41
4844,125,124.50
4848,125,124.53
4844,125,124.56
4844,125,124.56
4848,125,124.50
4844,125,124.41
4852,125,124.44
4836,125,124.38
4848,125,124.41
4844,125,124.32
4844,125,124.32
4844,125,124.29
4848,125,124.35
4844,125,124.29
4844,125,124.25
4844,125,124.22
4848,125,124.13
4844,125,124.07
4844,125,124.04
4844,125,124.07
4848,125,124.07
4844,125,124.22
4844,125,124.22
4844,125,124.25
4848,125,124.29
4844,125,124.25
4844,125,124.29
4844,125,124.32
4848,125,124.38
4844,125,124.53
4844,125,124.53
4844,125,124.56
4848,125,124.56
4844,125,124.56
4844,125,124.47
4844,125,124.44
4848,125,124.41
4844,125,124.41
4844,125,124.50
4844,125,124.38
4848,125,124.41
4844,125,124.41
4844,125,124.38
4844,125,124.35
4848,125,124.25
4844,125,124.19
4844,125,124.16
4844,125,124.19
4848,125,124.16
4844,125,124.19
4844,125,124.22
4844,125,124.22
4848,125,124.19
4844,125,124.25
4844,125,124.29
4844,125,124.29
4848,125,124.22
4844,125,124.22
4844,125,124.25
4844,125,124.35
4848,125,124.32
4844,125,124.29
4844,125,124.29
4844,125,124.32
4848,125,124.25
4844,125,124.22
4844,125,124.13
4844,125,124.13
4848,125,124.19
4844,125,124.19
4844,125,124.16
4844,125,124.19
4848,125,124.19
4848,125,124.10
4840,125,124.07
4844,125,124.01
4848,125,123.95
4844,125,123.89
4844,125,123.82
4844,125,123.89
4848,125,123.98
4844,125,124.04
4844,125,124.04
4844,125,124.04
4848,125,124.07
4844,125,124.04
4844,125,124.04
4844,125,124.04
4848,125,124.01
4844,125,124.01
4844,125,124.01
4844,125,124.07
4848,125,124.07
4844,125,124.16
4844,125,124.22
4844,125,124.19
4848,125,124.25
4844,125,124.19
4844,125,124.19
4844,125,124.01
4848,125,123.70
4844,125,123.52
4844,125,123.52
4844,125,123.43
4848,125,123.58
4844,125,123.70
4844,125,123.82
4844,125,123.82
4848,125,123.89
4844,125,123.85
4844,125,123.85
4844,125,123.85
4848,125,123.85
4844,125,123.82
4844,125,123.82
4844,125,123.79
4848,125,123.79
4844,125,123.85
4844,125,123.89
4844,125,123.95
4844,125,124.04
4848,125,124.07
4844,125,124.07
4844,125,124.07
4848,125,124.10
4844,125,124.04
4844,125,124.07
4844,125,124.10
4848,125,124.22
4844,125,124.35
4844,125,124.38
